User5832,10,user5832@example.com,5832
User5833,28,user5833@example.com,5833
User5834,22,user5834@example.com,5834
User5835,13,user5835@example.com,5835
User5836,73,user5836@example.com,5836
User5837,77,user5837@example.com,5837
User5838,76,user5838@example.com,5838
User5839,58,user5839@example.com,5839
User5840,54,user5840@example.com,5840
User5841,88,user5841@example.com,5841
User5842,27,user5842@example.com,5842
User5843,21,user5843@example.com,5843
User5844,13,user5844@example.com,5844
User5845,73,user5845@example.com,5845
User5846,78,user5846@example.com,5846
User5847,80,user5847@example.com,5847
User5848,76,user5848@example.com,5848
User5849,51,user5849@example.com,5849
User5850,17,user5850@example.com,5850
User5851,82,user5851@example.com,5851
User5852,31,user5852@example.com,5852
User5853,58,user5853@example.com,5853
User5854,29,user5854@example.com,5854
User5855,42,user5855@example.com,5855
User5856,31,user5856@example.com,5856
User5857,21,user5857@example.com,5857
User5858,80,user5858@example.com,5858
User5859,11,user5859@example.com,5859
User5860,42,user5860@example.com,5860
User5861,10,user5861@example.com,5861
User5862,72,user5862@example.com,5862
User5863,81,user5863@example.com,5863
User5864,22,user5864@example.com,5864
User5865,15,user5865@example.com,5865
User5866,79,user5866@example.com,5866
User5867,22,user5867@example.com,5867
User5868,23,user5868@example.com,5868
User5869,41,user5869@example.com,5869
User5870,44,user5870@example.com,5870
User5871,88,user5871@example.com,5871
User5872,58,user5872@example.com,5872
User5873,16,user5873@example.com,5873
User5874,58,user5874@example.com,5874
User5875,73,user5875@example.com,5875
User5876,22,user5876@example.com,5876
User5877,41,user5877@example.com,5877
User5878,51,user5878@example.com,5878
User5879,40,user5879@example.com,5879
User5880,40,user5880@example.com,5880
User5881,69,user5881@example.com,5881
User5882,54,user5882@example.com,5882
User5883,53,user5883@example.com,5883
User5884,16,user5884@example.com,5884
User5885,71,user5885@example.com,5885
User5886,55,user5886@example.com,5886
User5887,55,user5887@example.com,5887
User5888,19,user5888@example.com,5888
User5889,82,user5889@example.com,5889
User5890,23,user5890@example.com,5890
User5891,19,user5891@example.com,5891
User5892,17,user5892@example.com,5892
User5893,17,user5893@example.com,5893
User5894,27,user5894@example.com,5894
User5895,72,user5895@example.com,5895
User5896,30,user5896@example.com,5896
User5897,84,user5897@example.com,5897
User5898,80,user5898@example.com,5898
User5899,58,user5899@example.com,5899
User5900,40,user5900@example.com,5900
User5901,17,user5901@example.com,5901
User5902,37,user5902@example.com,5902
User5903,43,user5903@example.com,5903
User5904,14,user5904@example.com,5904
User5905,13,user5905@example.com,5905
User5906,15,user5906@example.com,5906
User5907,24,user5907@example.com,5907
User5908,67,user5908@example.com,5908
User5909,14,user5909@example.com,5909
User5910,19,user5910@example.com,5910
User5911,42,user5911@example.com,5911
User5912,63,user5912@example.com,5912
User5913,19,user5913@example.com,5913
User5914,56,user5914@example.com,5914
User5915,54,user5915@example.com,5915
User5916,14,user5916@example.com,5916
User5917,56,user5917@example.com,5917
User5918,71,user5918@example.com,5918
User5919,18,user5919@example.com,5919
User5920,27,user5920@example.com,5920
User5921,70,user5921@example.com,5921
User5922,21,user5922@example.com,5922
User5923,45,user5923@example.com,5923
User5924,74,user5924@example.com,5924
User5925,63,user5925@example.com,5925
User5926,86,user5926@example.com,5926
User5927,69,user5927@example.com,5927
User5928,80,user5928@example.com,5928
User5929,21,user5929@example.com,5929
User5930,16,user5930@example.com,5930
User5931,87,user5931@example.com,5931
User5932,59,user5932@example.com,5932
User5933,25,user5933@example.com,5933
User5934,17,user5934@example.com,5934
User5935,79,user5935@example.com,5935
User5936,17,user5936@example.com,5936
User5937,79,user5937@example.com,5937
User5938,15,user5938@example.com,5938
User5939,67,user5939@example.com,5939
User5940,40,user5940@example.com,5940
User5941,72,user5941@example.com,5941
User5942,68,user5942@example.com,5942
User5943,35,user5943@example.com,5943
User5944,40,user5944@example.com,5944
User5945,87,user5945@example.com,5945
User5946,66,user5946@example.com,5946
User5947,60,user5947@example.com,5947
User5948,10,user5948@example.com,5948
User5949,23,user5949@example.com,5949
User5950,77,user5950@example.com,5950
User5951,64,user5951@example.com,5951
User5952,78,user5952@example.com,5952
User5953,30,user5953@example.com,5953
User5954,66,user5954@example.com,5954
User5955,72,user5955@example.com,5955
User5956,70,user5956@example.com,5956
User5957,45,user5957@example.com,5957
User5958,84,user5958@example.com,5958
User5959,38,user5959@example.com,5959
User5960,88,user5960@example.com,5960
User5961,78,user5961@example.com,5961
User5962,34,user5962@example.com,5962
User5963,85,user5963@example.com,5963
User5964,77,user5964@example.com,5964
User5965,39,user5965@example.com,5965
User5966,34,user5966@example.com,5966
User5967,44,user5967@example.com,5967
User5968,28,user5968@example.com,5968
User5969,77,user5969@example.com,5969
User5970,55,user5970@example.com,5970
User5971,32,user5971@example.com,5971
User5972,67,user5972@example.com,5972
User5973,69,user5973@example.com,5973
User5974,53,user5974@example.com,5974
User5975,49,user5975@example.com,5975
User5976,76,user5976@example.com,5976
User5977,64,user5977@example.com,5977
User5978,83,user5978@example.com,5978
User5979,53,user5979@example.com,5979
User5980,88,user5980@example.com,5980
User5981,31,user5981@example.com,5981
User5982,41,user5982@example.com,5982
User5983,21,user5983@example.com,5983
User5984,53,user5984@example.com,5984
User5985,32,user5985@example.com,5985
User5986,72,user5986@example.com,5986
User5987,14,user5987@example.com,5987
User5988,85,user5988@example.com,5988
User5989,52,user5989@example.com,5989
User5990,76,user5990@example.com,5990
User5991,54,user5991@example.com,5991
User5992,34,user5992@example.com,5992
User5993,77,user5993@example.com,5993
User5994,35,user5994@example.com,5994
User5995,13,user5995@example.com,5995
User5996,30,user5996@example.com,5996
User5997,23,user5997@example.com,5997
User5998,14,user5998@example.com,5998
User5999,71,user5999@example.com,5999
User6000,62,user6000@example.com,6000
User6001,10,user6001@example.com,6001
User6002,15,user6002@example.com,6002
User6003,33,user6003@example.com,6003
User6004,31,user6004@example.com,6004
User6005,46,user6005@example.com,6005
User6006,46,user6006@example.com,6006
User6007,85,user6007@example.com,6007
User6008,37,user6008@example.com,6008
User6009,80,user6009@example.com,6009
User6010,40,user6010@example.com,6010
User6011,29,user6011@example.com,6011
User6012,19,user6012@example.com,6012
User6013,75,user6013@example.com,6013
User6014,69,user6014@example.com,6014
User6015,30,user6015@example.com,6015
User6016,12,user6016@example.com,6016
User6017,44,user6017@example.com,6017
User6018,13,user6018@example.com,6018
User6019,83,user6019@example.com,6019
User6020,48,user6020@example.com,6020
User6021,61,user6021@example.com,6021
User6022,70,user6022@example.com,6022
User6023,77,user6023@example.com,6023
User6024,86,user6024@example.com,6024
User6025,31,user6025@example.com,6025
User6026,45,user6026@example.com,6026
User6027,45,user6027@example.com,6027
User6028,78,user6028@example.com,6028
User6029,87,user6029@example.com,6029
User6030,32,user6030@example.com,6030
User6031,51,user6031@example.com,6031
User6032,68,user6032@example.com,6032
User6033,17,user6033@example.com,6033
User6034,33,user6034@example.com,6034
User6035,25,user6035@example.com,6035
User6036,15,user6036@example.com,6036
User6037,71,user6037@example.com,6037
User6038,61,user6038@example.com,6038
User6039,81,user6039@example.com,6039
User6040,53,user6040@example.com,6040
User6041,13,user6041@example.com,6041
User6042,55,user6042@example.com,6042
User6043,69,user6043@example.com,6043
User6044,88,user6044@example.com,6044
User6045,65,user6045@example.com,6045
User6046,50,user6046@example.com,6046
User6047,47,user6047@example.com,6047
User6048,77,user6048@example.com,6048
User6049,72,user6049@example.com,6049
User6050,42,user6050@example.com,6050
User6051,65,user6051@example.com,6051
User6052,27,user6052@example.com,6052
User6053,10,user6053@example.com,6053
User6054,40,user6054@example.com,6054
User6055,82,user6055@example.com,6055
User6056,42,user6056@example.com,6056
User6057,31,user6057@example.com,6057
User6058,20,user6058@example.com,6058
User6059,78,user6059@example.com,6059
User6060,78,user6060@example.com,6060
User6061,70,user6061@example.com,6061
User6062,25,user6062@example.com,6062
User6063,67,user6063@example.com,6063
User6064,89,user6064@example.com,6064
User6065,76,user6065@example.com,6065
User6066,21,user6066@example.com,6066
User6067,29,user6067@example.com,6067
User6068,72,user6068@example.com,6068
User6069,22,user6069@example.com,6069
User6070,47,user6070@example.com,6070
User6071,77,user6071@example.com,6071
User6072,75,user6072@example.com,6072
User6073,54,user6073@example.com,6073
User6074,37,user6074@example.com,6074
User6075,12,user6075@example.com,6075
User6076,18,user6076@example.com,6076
User6077,48,user6077@example.com,6077
User6078,15,user6078@example.com,6078
User6079,80,user6079@example.com,6079
User6080,28,user6080@example.com,6080
User6081,50,user6081@example.com,6081
User6082,74,user6082@example.com,6082
User6083,52,user6083@example.com,6083
User6084,29,user6084@example.com,6084
User6085,61,user6085@example.com,6085
User6086,46,user6086@example.com,6086
User6087,38,user6087@example.com,6087
User6088,45,user6088@example.com,6088
User6089,19,user6089@example.com,6089
User6090,33,user6090@example.com,6090
User6091,17,user6091@example.com,6091
User6092,57,user6092@example.com,6092
User6093,64,user6093@example.com,6093
User6094,59,user6094@example.com,6094
User6095,12,user6095@example.com,6095
User6096,37,user6096@example.com,6096
User6097,56,user6097@example.com,6097
User6098,83,user6098@example.com,6098
User6099,74,user6099@example.com,6099
User6100,33,user6100@example.com,6100
User6101,14,user6101@example.com,6101
User6102,43,user6102@example.com,6102
User6103,81,user6103@example.com,6103
User6104,26,user6104@example.com,6104
User6105,38,user6105@example.com,6105
User6106,21,user6106@example.com,6106
User6107,64,user6107@example.com,6107
User6108,88,user6108@example.com,6108
User6109,77,user6109@example.com,6109
User6110,30,user6110@example.com,6110
User6111,70,user6111@example.com,6111
User6112,12,user6112@example.com,6112
User6113,79,user6113@example.com,6113
User6114,32,user6114@example.com,6114
User6115,72,user6115@example.com,6115
User6116,13,user6116@example.com,6116
User6117,82,user6117@example.com,6117
User6118,41,user6118@example.com,6118
User6119,31,user6119@example.com,6119
User6120,22,user6120@example.com,6120
User6121,86,user6121@example.com,6121
User6122,35,user6122@example.com,6122
User6123,69,user6123@example.com,6123
User6124,70,user6124@example.com,6124
User6125,55,user6125@example.com,6125
User6126,55,user6126@example.com,6126
User6127,22,user6127@example.com,6127
User6128,12,user6128@example.com,6128
User6129,67,user6129@example.com,6129
User6130,47,user6130@example.com,6130
User6131,27,user6131@example.com,6131
User6132,62,user6132@example.com,6132
User6133,60,user6133@example.com,6133
User6134,25,user6134@example.com,6134
User6135,15,user6135@example.com,6135
User6136,72,user6136@example.com,6136
User6137,63,user6137@example.com,6137
User6138,89,user6138@example.com,6138
User6139,88,user6139@example.com,6139
User6140,83,user6140@example.com,6140
User6141,61,user6141@example.com,6141
User6142,48,user6142@example.com,6142
User6143,46,user6143@example.com,6143
User6144,77,user6144@example.com,6144
User6145,76,user6145@example.com,6145
User6146,59,user6146@example.com,6146
User6147,60,user6147@example.com,6147
User6148,31,user6148@example.com,6148
User6149,48,user6149@example.com,6149
User6150,57,user6150@example.com,6150
User6151,52,user6151@example.com,6151
User6152,78,user6152@example.com,6152
User6153,67,user6153@example.com,6153
User6154,11,user6154@example.com,6154
User6155,83,user6155@example.com,6155
User6156,55,user6156@example.com,6156
User6157,16,user6157@example.com,6157
User6158,66,user6158@example.com,6158
User6159,34,user6159@example.com,6159
User6160,39,user6160@example.com,6160
User6161,85,user6161@example.com,6161
User6162,58,user6162@example.com,6162
User6163,28,user6163@example.com,6163
User6164,33,user6164@example.com,6164
User6165,75,user6165@example.com,6165
User6166,24,user6166@example.com,6166
User6167,46,user6167@example.com,6167
User6168,67,user6168@example.com,6168
User6169,30,user6169@example.com,6169
User6170,17,user6170@example.com,6170
User6171,66,user6171@example.com,6171
User6172,32,user6172@example.com,6172
User6173,29,user6173@example.com,6173
User6174,42,user6174@example.com,6174
User6175,31,user6175@example.com,6175
User6176,20,user6176@example.com,6176
User6177,76,user6177@example.com,6177
User6178,74,user6178@example.com,6178
User6179,49,user6179@example.com,6179
User6180,16,user6180@example.com,6180
User6181,84,user6181@example.com,6181
User6182,44,user6182@example.com,6182
User6183,35,user6183@example.com,6183
User6184,36,user6184@example.com,6184
User6185,64,user6185@example.com,6185
User6186,45,user6186@example.com,6186
User6187,21,user6187@example.com,6187
User6188,41,user6188@example.com,6188
User6189,54,user6189@example.com,6189
User6190,56,user6190@example.com,6190
User6191,30,user6191@example.com,6191
User6192,54,user6192@example.com,6192
User6193,87,user6193@example.com,6193
User6194,25,user6194@example.com,6194
User6195,16,user6195@example.com,6195
User6196,76,user6196@example.com,6196
User6197,83,user6197@example.com,6197
User6198,18,user6198@example.com,6198
User6199,69,user6199@example.com,6199
User6200,44,user6200@example.com,6200
User6201,83,user6201@example.com,6201
User6202,32,user6202@example.com,6202
User6203,63,user6203@example.com,6203
User6204,49,user6204@example.com,6204
User6205,45,user6205@example.com,6205
User6206,71,user6206@example.com,6206
User6207,48,user6207@example.com,6207
User6208,20,user6208@example.com,6208
User6209,24,user6209@example.com,6209
User6210,52,user6210@example.com,6210
User6211,20,user6211@example.com,6211
User6212,13,user6212@example.com,6212
User6213,77,user6213@example.com,6213
User6214,15,user6214@example.com,6214
User6215,73,user6215@example.com,6215
User6216,72,user6216@example.com,6216
User6217,51,user6217@example.com,6217
User6218,29,user6218@example.com,6218
User6219,61,user6219@example.com,6219
User6220,50,user6220@example.com,6220
User6221,56,user6221@example.com,6221
User6222,43,user6222@example.com,6222
User6223,35,user6223@example.com,6223
User6224,36,user6224@example.com,6224
User6225,67,user6225@example.com,6225
User6226,58,user6226@example.com,6226
User6227,77,user6227@example.com,6227
User6228,44,user6228@example.com,6228
User6229,57,user6229@example.com,6229
User6230,66,user6230@example.com,6230
User6231,71,user6231@example.com,6231
User6232,64,user6232@example.com,6232
User6233,19,user6233@example.com,6233
User6234,51,user6234@example.com,6234
User6235,31,user6235@example.com,6235
User6236,73,user6236@example.com,6236
User6237,20,user6237@example.com,6237
User6238,31,user6238@example.com,6238
User6239,87,user6239@example.com,6239
User6240,11,user6240@example.com,6240
User6241,24,user6241@example.com,6241
User6242,77,user6242@example.com,6242
User6243,66,user6243@example.com,6243
User6244,87,user6244@example.com,6244
User6245,70,user6245@example.com,6245
User6246,78,user6246@example.com,6246
User6247,89,user6247@example.com,6247
User6248,42,user6248@example.com,6248
User6249,16,user6249@example.com,6249
User6250,22,user6250@example.com,6250
User6251,54,user6251@example.com,6251
User6252,35,user6252@example.com,6252
User6253,83,user6253@example.com,6253
User6254,61,user6254@example.com,6254
User6255,45,user6255@example.com,6255
User6256,32,user6256@example.com,6256
User6257,15,user6257@example.com,6257
User6258,49,user6258@example.com,6258
User6259,31,user6259@example.com,6259
User6260,78,user6260@example.com,6260
User6261,47,user6261@example.com,6261
User6262,71,user6262@example.com,6262
User6263,46,user6263@example.com,6263
User6264,87,user6264@example.com,6264
User6265,48,user6265@example.com,6265
User6266,47,user6266@example.com,6266
User6267,85,user6267@example.com,6267
User6268,33,user6268@example.com,6268
User6269,61,user6269@example.com,6269
User6270,35,user6270@example.com,6270
User6271,62,user6271@example.com,6271
User6272,38,user6272@example.com,6272
User6273,72,user6273@example.com,6273
User6274,76,user6274@example.com,6274
User6275,74,user6275@example.com,6275
User6276,52,user6276@example.com,6276
User6277,30,user6277@example.com,6277
User6278,65,user6278@example.com,6278
User6279,65,user6279@example.com,6279
User6280,39,user6280@example.com,6280
User6281,71,user6281@example.com,6281
User6282,71,user6282@example.com,6282
User6283,49,user6283@example.com,6283
User6284,24,user6284@example.com,6284
User6285,42,user6285@example.com,6285
User6286,51,user6286@example.com,6286
User6287,37,user6287@example.com,6287
User6288,22,user6288@example.com,6288
User6289,71,user6289@example.com,6289
User6290,37,user6290@example.com,6290
User6291,45,user6291@example.com,6291
User6292,23,user6292@example.com,6292
User6293,52,user6293@example.com,6293
User6294,19,user6294@example.com,6294
User6295,10,user6295@example.com,6295
User6296,63,user6296@example.com,6296
User6297,37,user6297@example.com,6297
User6298,65,user6298@example.com,6298
User6299,43,user6299@example.com,6299
User6300,14,user6300@example.com,6300
User6301,88,user6301@example.com,6301
User6302,72,user6302@example.com,6302
User6303,85,user6303@example.com,6303
User6304,41,user6304@example.com,6304
User6305,18,user6305@example.com,6305
User6306,38,user6306@example.com,6306
User6307,45,user6307@example.com,6307
User6308,24,user6308@example.com,6308
User6309,53,user6309@example.com,6309
User6310,24,user6310@example.com,6310
User6311,32,user6311@example.com,6311
User6312,77,user6312@example.com,6312
User6313,41,user6313@example.com,6313
User6314,45,user6314@example.com,6314
User6315,11,user6315@example.com,6315
User6316,70,user6316@example.com,6316
User6317,68,user6317@example.com,6317
User6318,39,user6318@example.com,6318
User6319,63,user6319@example.com,6319
User6320,27,user6320@example.com,6320
User6321,18,user6321@example.com,6321
User6322,81,user6322@example.com,6322
User6323,19,user6323@example.com,6323
User6324,85,user6324@example.com,6324
User6325,37,user6325@example.com,6325
User6326,80,user6326@example.com,6326
User6327,41,user6327@example.com,6327
User6328,33,user6328@example.com,6328
User6329,34,user6329@example.com,6329
User6330,61,user6330@example.com,6330
User6331,34,user6331@example.com,6331
User6332,56,user6332@example.com,6332
User6333,89,user6333@example.com,6333
User6334,27,user6334@example.com,6334
User6335,18,user6335@example.com,6335
User6336,80,user6336@example.com,6336
User6337,16,user6337@example.com,6337
User6338,72,user6338@example.com,6338
User6339,62,user6339@example.com,6339
User6340,83,user6340@example.com,6340
User6341,59,user6341@example.com,6341
User6342,37,user6342@example.com,6342
User6343,79,user6343@example.com,6343
User6344,34,user6344@example.com,6344
User6345,85,user6345@example.com,6345
User6346,73,user6346@example.com,6346
User6347,21,user6347@example.com,6347
User6348,38,user6348@example.com,6348
User6349,35,user6349@example.com,6349
User6350,53,user6350@example.com,6350
User6351,72,user6351@example.com,6351
User6352,31,user6352@example.com,6352
User6353,87,user6353@example.com,6353
User6354,14,user6354@example.com,6354
User6355,39,user6355@example.com,6355
User6356,62,user6356@example.com,6356
User6357,24,user6357@example.com,6357
User6358,86,user6358@example.com,6358
User6359,27,user6359@example.com,6359
User6360,28,user6360@example.com,6360
User6361,49,user6361@example.com,6361
User6362,74,user6362@example.com,6362
User6363,50,user6363@example.com,6363
User6364,21,user6364@example.com,6364
User6365,23,user6365@example.com,6365
User6366,43,user6366@example.com,6366
User6367,55,user6367@example.com,6367
User6368,60,user6368@example.com,6368
User6369,42,user6369@example.com,6369
User6370,22,user6370@example.com,6370
User6371,53,user6371@example.com,6371
User6372,29,user6372@example.com,6372
User6373,56,user6373@example.com,6373
User6374,26,user6374@example.com,6374
User6375,34,user6375@example.com,6375
User6376,79,user6376@example.com,6376
User6377,45,user6377@example.com,6377
User6378,60,user6378@example.com,6378
User6379,76,user6379@example.com,6379
User6380,30,user6380@example.com,6380
User6381,71,user6381@example.com,6381
User6382,17,user6382@example.com,6382
User6383,22,user6383@example.com,6383
User6384,51,user6384@example.com,6384
User6385,19,user6385@example.com,6385
User6386,12,user6386@example.com,6386
User6387,76,user6387@example.com,6387
User6388,12,user6388@example.com,6388
User6389,61,user6389@example.com,6389
User6390,23,user6390@example.com,6390
User6391,80,user6391@example.com,6391
User6392,82,user6392@example.com,6392
User6393,82,user6393@example.com,6393
User6394,74,user6394@example.com,6394
User6395,35,user6395@example.com,6395
User6396,23,user6396@example.com,6396
User6397,82,user6397@example.com,6397
User6398,89,user6398@example.com,6398
User6399,30,user6399@example.com,6399
User6400,33,user6400@example.com,6400
User6401,68,user6401@example.com,6401
User6402,69,user6402@example.com,6402
User6403,54,user6403@example.com,6403
User6404,53,user6404@example.com,6404
User6405,15,user6405@example.com,6405
User6406,66,user6406@example.com,6406
User6407,34,user6407@example.com,6407
User6408,41,user6408@example.com,6408
User6409,16,user6409@example.com,6409
User6410,26,user6410@example.com,6410
User6411,72,user6411@example.com,6411
User6412,34,user6412@example.com,6412
User6413,23,user6413@example.com,6413
User6414,83,user6414@example.com,6414
User6415,19,user6415@example.com,6415
User6416,74,user6416@example.com,6416
User6417,63,user6417@example.com,6417
User6418,84,user6418@example.com,6418
User6419,62,user6419@example.com,6419
User6420,47,user6420@example.com,6420
User6421,42,user6421@example.com,6421
User6422,59,user6422@example.com,6422
User6423,79,user6423@example.com,6423
User6424,47,user6424@example.com,6424
User6425,71,user6425@example.com,6425
User6426,45,user6426@example.com,6426
User6427,82,user6427@example.com,6427
User6428,26,user6428@example.com,6428
User6429,34,user6429@example.com,6429
User6430,82,user6430@example.com,6430
User6431,59,user6431@example.com,6431
User6432,40,user6432@example.com,6432
User6433,11,user6433@example.com,6433
User6434,89,user6434@example.com,6434
User6435,81,user6435@example.com,6435
User6436,47,user6436@example.com,6436
User6437,65,user6437@example.com,6437
User6438,12,user6438@example.com,6438
User6439,18,user6439@example.com,6439
User6440,42,user6440@example.com,6440
User6441,69,user6441@example.com,6441
User6442,49,user6442@example.com,6442
User6443,27,user6443@example.com,6443
User6444,58,user6444@example.com,6444
User6445,41,user6445@example.com,6445
User6446,22,user6446@example.com,6446
User6447,58,user6447@example.com,6447
User6448,55,user6448@example.com,6448
User6449,13,user6449@example.com,6449
User6450,47,user6450@example.com,6450
User6451,27,user6451@example.com,6451
User6452,66,user6452@example.com,6452
User6453,78,user6453@example.com,6453
User6454,23,user6454@example.com,6454
User6455,33,user6455@example.com,6455
User6456,85,user6456@example.com,6456
User6457,75,user6457@example.com,6457
User6458,33,user6458@example.com,6458
User6459,88,user6459@example.com,6459
User6460,12,user6460@example.com,6460
User6461,26,user6461@example.com,6461
User6462,85,user6462@example.com,6462
User6463,17,user6463@example.com,6463
User6464,59,user6464@example.com,6464
User6465,75,user6465@example.com,6465
User6466,29,user6466@example.com,6466
User6467,70,user6467@example.com,6467
User6468,13,user6468@example.com,6468
User6469,88,user6469@example.com,6469
User6470,71,user6470@example.com,6470
User6471,80,user6471@example.com,6471
User6472,17,user6472@example.com,6472
User6473,78,user6473@example.com,6473
User6474,10,user6474@example.com,6474
User6475,45,user6475@example.com,6475
User6476,24,user6476@example.com,6476
User6477,58,user6477@example.com,6477
User6478,48,user6478@example.com,6478
User6479,57,user6479@example.com,6479
User6480,52,user6480@example.com,6480
User6481,80,user6481@example.com,6481
User6482,74,user6482@example.com,6482
User6483,42,user6483@example.com,6483
User6484,55,user6484@example.com,6484
User6485,63,user6485@example.com,6485
User6486,57,user6486@example.com,6486
User6487,88,user6487@example.com,6487
User6488,21,user6488@example.com,6488
User6489,69,user6489@example.com,6489
User6490,33,user6490@example.com,6490
User6491,28,user6491@example.com,6491
User6492,32,user6492@example.com,6492
User6493,67,user6493@example.com,6493
User6494,68,user6494@example.com,6494
User6495,52,user6495@example.com,6495
User6496,46,user6496@example.com,6496
User6497,64,user6497@example.com,6497
User6498,11,user6498@example.com,6498
User6499,15,user6499@example.com,6499
User6500,33,user6500@example.com,6500
User6501,30,user6501@example.com,6501
User6502,41,user6502@example.com,6502
User6503,24,user6503@example.com,6503
User6504,69,user6504@example.com,6504
User6505,23,user6505@example.com,6505
User6506,60,user6506@example.com,6506
User6507,59,user6507@example.com,6507
User6508,28,user6508@example.com,6508
User6509,34,user6509@example.com,6509
User6510,75,user6510@example.com,6510
User6511,22,user6511@example.com,6511
User6512,38,user6512@example.com,6512
User6513,35,user6513@example.com,6513
User6514,53,user6514@example.com,6514
User6515,67,user6515@example.com,6515
User6516,87,user6516@example.com,6516
User6517,66,user6517@example.com,6517
User6518,58,user6518@example.com,6518
User6519,82,user6519@example.com,6519
User6520,67,user6520@example.com,6520
User6521,78,user6521@example.com,6521
User6522,22,user6522@example.com,6522
User6523,25,user6523@example.com,6523
User6524,52,user6524@example.com,6524
User6525,14,user6525@example.com,6525
User6526,65,user6526@example.com,6526
User6527,34,user6527@example.com,6527
User6528,46,user6528@example.com,6528
User6529,36,user6529@example.com,6529
User6530,33,user6530@example.com,6530
User6531,47,user6531@example.com,6531
User6532,46,user6532@example.com,6532
User6533,80,user6533@example.com,6533
User6534,12,user6534@example.com,6534
User6535,50,user6535@example.com,6535
User6536,43,user6536@example.com,6536
User6537,59,user6537@example.com,6537
User6538,74,user6538@example.com,6538
User6539,25,user6539@example.com,6539
User6540,54,user6540@example.com,6540
User6541,26,user6541@example.com,6541
User6542,36,user6542@example.com,6542
User6543,14,user6543@example.com,6543
User6544,34,user6544@example.com,6544
User6545,36,user6545@example.com,6545
User6546,70,user6546@example.com,6546
User6547,72,user6547@example.com,6547
User6548,60,user6548@example.com,6548
User6549,77,user6549@example.com,6549
User6550,34,user6550@example.com,6550
User6551,10,user6551@example.com,6551
User6552,17,user6552@example.com,6552
User6553,45,user6553@example.com,6553
User6554,85,user6554@example.com,6554
User6555,43,user6555@example.com,6555
User6556,28,user6556@example.com,6556
User6557,84,user6557@example.com,6557
User6558,83,user6558@example.com,6558
User6559,76,user6559@example.com,6559
User6560,40,user6560@example.com,6560
User6561,42,user6561@example.com,6561
User6562,82,user6562@example.com,6562
User6563,35,user6563@example.com,6563
User6564,77,user6564@example.com,6564
User6565,30,user6565@example.com,6565
User6566,72,user6566@example.com,6566
User6567,19,user6567@example.com,6567
User6568,32,user6568@example.com,6568
User6569,11,user6569@example.com,6569
User6570,30,user6570@example.com,6570
User6571,26,user6571@example.com,6571
User6572,30,user6572@example.com,6572
User6573,65,user6573@example.com,6573
User6574,66,user6574@example.com,6574
User6575,46,user6575@example.com,6575
User6576,21,user6576@example.com,6576
User6577,39,user6577@example.com,6577
User6578,44,user6578@example.com,6578
User6579,11,user6579@example.com,6579
User6580,75,user6580@example.com,6580
User6581,10,user6581@example.com,6581
User6582,57,user6582@example.com,6582
User6583,85,user6583@example.com,6583
User6584,86,user6584@example.com,6584
User6585,85,user6585@example.com,6585
User6586,77,user6586@example.com,6586
User6587,41,user6587@example.com,6587
User6588,45,user6588@example.com,6588
User6589,13,user6589@example.com,6589
User6590,79,user6590@example.com,6590
User6591,27,user6591@example.com,6591
User6592,50,user6592@example.com,6592
User6593,78,user6593@example.com,6593
User6594,72,user6594@example.com,6594
User6595,36,user6595@example.com,6595
User6596,36,user6596@example.com,6596
User6597,62,user6597@example.com,6597
User6598,33,user6598@example.com,6598
User6599,48,user6599@example.com,6599
User6600,53,user6600@example.com,6600
User6601,31,user6601@example.com,6601
User6602,68,user6602@example.com,6602
User6603,75,user6603@example.com,6603
User6604,81,user6604@example.com,6604
User6605,13,user6605@example.com,6605
User6606,53,user6606@example.com,6606
User6607,57,user6607@example.com,6607
User6608,33,user6608@example.com,6608
User6609,68,user6609@example.com,6609
User6610,70,user6610@example.com,6610
User6611,59,user6611@example.com,6611
User6612,73,user6612@example.com,6612
User6613,19,user6613@example.com,6613
User6614,26,user6614@example.com,6614
User6615,66,user6615@example.com,6615
User6616,80,user6616@example.com,6616
User6617,32,user6617@example.com,6617
User6618,73,user6618@example.com,6618
User6619,18,user6619@example.com,6619
User6620,23,user6620@example.com,6620
User6621,50,user6621@example.com,6621
User6622,12,user6622@example.com,6622
User6623,62,user6623@example.com,6623
User6624,23,user6624@example.com,6624
User6625,80,user6625@example.com,6625
User6626,81,user6626@example.com,6626
User6627,75,user6627@example.com,6627
User6628,42,user6628@example.com,6628
User6629,58,user6629@example.com,6629
User6630,72,user6630@example.com,6630
User6631,17,user6631@example.com,6631
User6632,18,user6632@example.com,6632
User6633,33,user6633@example.com,6633
User6634,18,user6634@example.com,6634
User6635,64,user6635@example.com,6635
User6636,15,user6636@example.com,6636
User6637,35,user6637@example.com,6637
User6638,41,user6638@example.com,6638
User6639,89,user6639@example.com,6639
User6640,74,user6640@example.com,6640
User6641,13,user6641@example.com,6641
User6642,75,user6642@example.com,6642
User6643,85,user6643@example.com,6643
User6644,31,user6644@example.com,6644
User6645,52,user6645@example.com,6645
User6646,76,user6646@example.com,6646
User6647,55,user6647@example.com,6647
User6648,36,user6648@example.com,6648
User6649,85,user6649@example.com,6649
User6650,70,user6650@example.com,6650
User6651,84,user6651@example.com,6651
User6652,42,user6652@example.com,6652
User6653,29,user6653@example.com,6653
User6654,10,user6654@example.com,6654
User6655,32,user6655@example.com,6655
User6656,40,user6656@example.com,6656
User6657,15,user6657@example.com,6657
User6658,27,user6658@example.com,6658
User6659,80,user6659@example.com,6659
User6660,70,user6660@example.com,6660
User6661,21,user6661@example.com,6661
User6662,44,user6662@example.com,6662
User6663,66,user6663@example.com,6663
User6664,30,user6664@example.com,6664
